"Maria","asdad","3652145"
"Diego Araya","die@gmail.com","703210814"
"Ramon","prueba@gmal","98982982"
"Ramon","prueba@gmal","98982982"
"Ramon","prueba@gmal","98982982"
"Ramon","ra@gmail.com","7895415"
"Ejemplo: Raul Alfaro","Ejemplo: diego@gmail.com","59595959"
"Ejemplo: Raul Alfaro","Ejemplo: diego@gmail.com","5959595"
"ramon","dadagmail.com","6541565"
"Ramon","ra@gmail.com","321456844"
"Ramon","ra@gmail.com","321456844"
"Ejemplo: Raul Alfaro","Ejemplo: diego@gmail.com","Ejemplo: 703210814"
"Ramon","ra@gmail.com","321456844"
"Ramon","ra@gmail.com","321456844"
"Ramon","ra@gmail.com","321456844"
"Ramon","ra@gmail.com","321456844"
"Ramon","ra@gmail.com","321456844"
"Ejemplo: Raul Alfaro","Ejemplo: diego@gmail.com","9652145"
